epoch,network_error
1,0.26357222985984824
2,0.2598763843041549
3,0.2559047447539047
4,0.2518299468928669
5,0.2477477703834163
6,0.24371915864007437
7,0.23978352746694265
8,0.2359651288839087
9,0.23227771780074785
10,0.22872848716552507
11,0.22532006138790922
12,0.22205176614837302
13,0.21892064867915614
14,0.2159222615891051
15,0.21305125692552757
16,0.2103018235318868
17,0.2076679844400808
18,0.2051437723820697
19,0.20272331430539567
20,0.20040086428011897
21,0.19817082046519105
22,0.19602774889871463
23,0.19396642137604614
24,0.19198186215318802
25,0.19006939188657335
26,0.1882246575222049
27,0.18644364183386403
28,0.18472265285901734
29,0.1830582986988992
30,0.18144745544193186
31,0.1798872353552101
32,0.17837496011952156
33,0.17690814117830597
34,0.17548446720404262
35,0.17410179755137453
36,0.17275816017240161
37,0.17145175247602287
38,0.17018094376818083
39,0.1689442781049626
40,0.1677404766026831
41,0.16656843847018946
42,0.16542724023668562
43,0.16431613281601984
44,0.1632345361599116
45,0.16218203131050618
46,0.16115834968291365
47,0.16016335941294355
48,0.15919704861733444
49,0.158259505456204
50,0.15735089498110683
51,0.15647143291302626
52,0.15562135672995822
53,0.1548008947475717
54,0.15401023422682947
55,0.15324948990015716
56,0.15251867461755972
57,0.15181767401020627
58,0.1511462270851389
59,0.15050391444857664
60,0.14989015538463865
61,0.14930421431295696
62,0.14874521628441484
63,0.14821217026539774
64,0.14770399814960203
65,0.14721956686171997
66,0.1467577206831784
67,0.14631731107919904
68,0.1458972218082066
69,0.14549638785199737
70,0.14511380757803763
71,0.1447485483838258
72,0.14439974675033496
73,0.1440666040665684
74,0.1437483797555996
75,0.14344438316074676
76,0.14315396540152797
77,0.1428765120620843
78,0.14261143720709238
79,0.14235817889321825
80,0.14211619609618728
81,0.14188496681890128
82,0.14166398707903824
83,0.1414527704763149
84,0.14125084808535557
85,0.14105776848583287
86,0.140873097808195
87,0.1406964197288754
88,0.14052733538830556
89,0.1403654632285827
90,0.140210438758681
91,0.140061914258138
92,0.13991955842922835
93,0.1397830560055916
94,0.13965210732359223
95,0.13952642786179115
96,0.1394057477536328
97,0.13928981127843978
98,0.13917837633575197
99,0.13907121390782193
100,0.1389681075146825
101,0.1388688526657244
102,0.13877325631124748
103,0.138681136297044
104,0.13859232082474288
105,0.1385066479203822
106,0.13842396491345121
107,0.13834412792842785
108,0.1382670013906151
109,0.13819245754784557
110,0.1381203760093734
111,0.13805064330301944
112,0.1379831524513767
113,0.1379178025676345
114,0.13785449847134146
115,0.13779315032420833
116,0.13773367328585437
117,0.1376759871892291
118,0.13762001623529477
119,0.1375656887064334
120,0.13751293669794623
121,0.13746169586693613
122,0.13741190519780855
123,0.13736350678358525
124,0.1373164456222004
125,0.137270669426935
126,0.13722612845014195
127,0.13718277531942122
128,0.13714056488541718
129,0.13709945408043012
130,0.13705940178705942
131,0.13702036871612386
132,0.13698231729313712
133,0.13694521155264974
134,0.13690901703980338
135,0.1368737007184793
136,0.13683923088545547
137,0.13680557709002222
138,0.1367727100585366
139,0.1367406016234252
140,0.136709224656174
141,0.13667855300386633
142,0.13664856142885287
143,0.1366192255511551
144,0.1365905217932182
145,0.13656242732664065
146,0.13653492002051226
147,0.13650797839099651
148,0.1364815815517871
149,0.1364557091650605
150,0.13643034139253005
151,0.1364054588461836
152,0.13638104253825506
153,0.13635707382993778
154,0.13633353437829443
155,0.13631040608075037
156,0.13628767101647177
157,0.13626531138382658
158,0.1362433094329951
159,0.13622164739263654
160,0.13620030738932123
161,0.13617927135819058
162,0.13615852094300449
163,0.1361380373833569
164,0.1361178013863674
165,0.13609779297956673
166,0.13607799134094598
167,0.1360583746012002
168,0.13603891961199557
169,0.13601960167255855
170,0.13600039420491308
171,0.135981268365542
172,0.13596219257792447
173,0.1359431319660456
174,0.1359240476632178
175,0.13590489596289773
176,0.13588562726791367
177,0.13586618478064164
178,0.13584650285774916
179,0.13582650492711432
180,0.1358061008284383
181,0.1357851833885338
182,0.1357636239708349
183,0.13574126663672634
184,0.1357179204094077
185,0.13569334891743678
186,0.13566725638187674
187,0.1356392684482225
188,0.13560890567703937
189,0.13557554648498515
190,0.13553837481458883
191,0.1354963056072978
192,0.13544787806797193
193,0.1353911027651828
194,0.13532324472542726
195,0.13524052461901181
196,0.1351377359243253
197,0.13500784196797375
198,0.13484182376477022
199,0.13462961502606285
200,0.13436430908442917
201,0.13405427049753268
202,0.13374811569843092
203,0.13355012544486763
204,0.1335007649051132
205,0.13345382394796657
206,0.13339558569668344
207,0.13336717579845617
208,0.13333389978906357
209,0.13328155502022493
210,0.13322413924571042
211,0.1331740796574449
212,0.1331314833707172
213,0.1330936665529201
214,0.13305858986241126
215,0.13302305065072176
216,0.1329858818564153
217,0.13294880521302477
218,0.132913608303407
219,0.13288067137404516
220,0.13284938823249612
221,0.13281886467220566
222,0.13278864336106272
223,0.1327589504634691
224,0.13273021482311995
225,0.13270258074960903
226,0.13267586636688194
227,0.132649810075497
228,0.13262430759038218
229,0.13259942689845092
230,0.1325752505562726
231,0.1325517620071198
232,0.13252887202838554
233,0.13250650952753473
234,0.13248466315360025
235,0.1324633461952848
236,0.13244254867498922
237,0.13242223320672702
238,0.13240236367652602
239,0.1323829230948339
240,0.13236390390155753
241,0.1323452916587278
242,0.13232706372858957
243,0.1323091991321543
244,0.1322916835186734
245,0.1322745047711572
246,0.13225764809218635
247,0.1322410969879883
248,0.13222483668929266
249,0.13220885456880663
250,0.13219313803034322
251,0.13217767358699425
252,0.1321624478945858
253,0.13214744851999136
254,0.13213266338689358
255,0.13211808009729392
256,0.13210368606720777
257,0.13208946887943138
258,0.13207541614136695
259,0.1320615151207027
260,0.13204775265110416
261,0.13203411518588462
262,0.13202058866683286
263,0.13200715825343354
264,0.1319938081198823
265,0.131980521289454
266,0.13196727935963534
267,0.13195406211853836
268,0.1319408471224738
269,0.13192760920179517
270,0.13191431981149948
271,0.13190094619796894
272,0.13188745036311653
273,0.1318737877454495
274,0.13185990550124257
275,0.131845740261062
276,0.13183121518764584
277,0.1318162360687587
278,0.13180068607476542
279,0.13178441867234525
280,0.13176724797210612
281,0.13174893549362313
282,0.13172917196510212
283,0.13170755237051768
284,0.13168354220854642
285,0.1316564334880707
286,0.13162529221741243
287,0.13158891011762425
288,0.13154580520586903
289,0.13149440069049662
290,0.1314337136604352
291,0.13136525623994155
292,0.1312969084596919
293,0.13124567865962625
294,0.131222174882165
295,0.13120453473889704
296,0.1311773440130275
297,0.13115089778221045
298,0.13112992093113215
299,0.1311078575684644
300,0.13108211895997166
301,0.13105798707619823
302,0.13103596754824204
303,0.13101334144946147
304,0.1309911079210359
305,0.13096965143530656
306,0.130947758064297
307,0.13092596965060682
308,0.13090471100691917
309,0.13088356816475155
310,0.1308627385198606
311,0.1308421774723257
312,0.13082167285647153
313,0.1308014023847725
314,0.13078134230201555
315,0.1307614718827857
316,0.13074183197179787
317,0.13072234352323883
318,0.13070303330154454
319,0.13068390572422864
320,0.1306649515399017
321,0.13064617871257325
322,0.13062756228033928
323,0.13060910916284418
324,0.13059081393542366
325,0.13057267704579728
326,0.13055469128572997
327,0.13053685179921284
328,0.13051915512354056
329,0.13050160031083957
330,0.1304841801601365
331,0.13046689456683994
332,0.1304497317589135
333,0.13043270093533815
334,0.13041577697616288
335,0.13039898919597698
336,0.13038227494648932
337,0.13036572972787383
338,0.13034917074213676
339,0.13033291373930525
340,0.13031635626064864
341,0.1303006261528439
342,0.1302835232602817
343,0.13026943090329987
344,0.13024962760391048
345,0.13024283656499067
346,0.1302131186277653
347,0.13023994632300925
348,0.1301914559225931
349,0.13017653230150772
350,0.1302099371314211
351,0.13013438147291168
352,0.1301336091017852
353,0.13013524304647364
354,0.13008548657270458
355,0.13008051354514646
356,0.13007008715676882
357,0.1300364103693209
358,0.13002550246149466
359,0.13000665389968755
360,0.12997903749701906
361,0.12996016202121316
362,0.12993182326025923
363,0.1298976197315241
364,0.12985949163687188
365,0.12980433415378495
366,0.1297294791596973
367,0.1296276462682762
368,0.12952656509180996
369,0.12959340344575868
370,0.12960855344953634
371,0.12945835191554164
372,0.12941480518491313
373,0.1293977073324037
374,0.12938917699780522
375,0.12938142510724374
376,0.12933294390202368
377,0.12928881187558114
378,0.12925971534340208
379,0.12923797049682206
380,0.12921649667729385
381,0.12918380986660644
382,0.1291515880172069
383,0.12912393508157188
384,0.12910126981616904
385,0.1290732619432254
386,0.12904631595742327
387,0.12901688336510286
388,0.12899706884209702
389,0.12896469286291384
390,0.12895380629988681
391,0.1289114433031548
392,0.12893097485910712
393,0.12886922434435824
394,0.12886149311285
395,0.12884900999941354
396,0.12880896120750884
397,0.1287811123692049
398,0.12874903615182176
399,0.12873492573661624
400,0.12870442804882376
401,0.12868623827443815
402,0.12866233376946087
403,0.12863646670405904
404,0.1286182334474133
405,0.1285943969755198
406,0.12857396708636903
407,0.12854918827078615
408,0.12853268182553554
409,0.1285060032623631
410,0.12849181869713613
411,0.12846282232611583
412,0.12845457177627445
413,0.1284194030979945
414,0.12842803420738133
415,0.1283781305046051
416,0.1284212422438118
417,0.1283753889652383
418,0.1284019032383972
419,0.1283652879829635
420,0.12831882762793131
421,0.12828228207601536
422,0.1282551668737214
423,0.12824869332782365
424,0.12821861016447622
425,0.12820553578408114
426,0.1281782249721789
427,0.1281688436415363
428,0.1281446182994935
429,0.12813015901153701
430,0.12810945533932244
431,0.128094336859277
432,0.1280739311634434
433,0.12806063987916932
434,0.1280380553822278
435,0.12802826110448798
436,0.1280014262722808
437,0.12800070027378715
438,0.12796197979848134
439,0.12798917692607764
440,0.12791974023835442
441,0.12798439721402263
442,0.12794210524727812
443,0.1279151953117501
444,0.1278934234536727
445,0.1278759241246024
446,0.12785624918088964
447,0.1278333906814327
448,0.12783368769403344
449,0.12781087137023123
450,0.1278099766050774
451,0.12779236983360345
452,0.1277793541107864
453,0.12776318025707717
454,0.12773868897796026
455,0.12771911932015603
456,0.12769779542592613
457,0.12768534746379623
458,0.12766683847074078
459,0.12765770679803748
460,0.12763651186499095
461,0.12763165874349636
462,0.12760488243633591
463,0.1276105289647504
464,0.12757010459323906
465,0.12760400680993053
466,0.12753553967711143
467,0.12759557928570328
468,0.1275519802167985
469,0.12753668258740122
470,0.12751227318163214
471,0.12750224761245135
472,0.12748024060121965
473,0.12746133351786865
474,0.12745983234632952
475,0.1274372505947358
476,0.12744059028739377
477,0.12742679729451659
478,0.12743695580452163
479,0.127444564651664
480,0.12743823064158163
481,0.127399620797005
482,0.12735586255834602
483,0.12733566084871903
484,0.12732759880837624
485,0.127314915919958
486,0.12730174270560676
487,0.1272845898323961
488,0.12727430648278662
489,0.1272593929224324
490,0.1272506967919644
491,0.12723357720328918
492,0.127229134428082
493,0.12720518220103377
494,0.12721615420325114
495,0.12717333148841398
496,0.12723819244503856
497,0.12714649842894069
498,0.1272270119994811
499,0.12725964322911182
500,0.1271816492128077
501,0.12715174793710166
502,0.12712056663634266
503,0.12710781269159543
504,0.1270834854201049
505,0.127091141431246
506,0.12706844730114122
507,0.12704999432882375
508,0.12704833779757857
509,0.12702928608009137
510,0.127022956301798
511,0.12700767292090204
512,0.12700093009051228
513,0.1269856910916396
514,0.12697797509158734
515,0.12696630303548728
516,0.12695805248330214
517,0.12695021973039722
518,0.1269493096720776
519,0.12695144856621893
520,0.12696877600426937
521,0.12696881848739536
522,0.12695580225709427
523,0.12689744025129587
524,0.12687915610930264
525,0.12684825262703797
526,0.12686622592507077
527,0.12682561657074862
528,0.12685814689350833
529,0.12679695848042452
530,0.12685232969839355
531,0.12680385274421335
532,0.1268130286222305
533,0.12678421980612448
534,0.12678407413591844
535,0.12675289878763665
536,0.12675033626223614
537,0.12673623108988588
538,0.12672148331812522
539,0.12672036126680322
540,0.1266998626260881
541,0.12669898782787173
542,0.12668059215426958
543,0.12667897995268576
544,0.12665970165706042
545,0.1266597785938283
546,0.12663869864965452
547,0.12664169914716222
548,0.12661722342549978
549,0.12662605919644807
550,0.12659473946053476
551,0.12661619633992102
552,0.12657332793055184
553,0.12661665193063532
554,0.12656491692291827
555,0.1266209636881562
556,0.12659051217071066
557,0.1266170362123986
558,0.12657928999742096
559,0.1265675205803009
560,0.12651505169364233
561,0.12650728375841191
562,0.1264913763948326
563,0.12648260692761262
564,0.12647750519409073
565,0.12646043842494306
566,0.12645718123892566
567,0.12644036261326502
568,0.12643786570360196
569,0.1264209615020333
570,0.12641958472391324
571,0.12640119550858708
572,0.12640220406222596
573,0.1263807868120849
574,0.12638655064445425
575,0.12635919782552787
576,0.12637477201709033
577,0.12633637614576396
578,0.1263705909107863
579,0.12631587091979182
580,0.12637000160326048
581,0.12631748958509706
582,0.12634897564398456
583,0.12632488634532416
584,0.1263398919095869
585,0.1263116870592347
586,0.1263172078818468
587,0.12628282694725837
588,0.12626837363742582
589,0.12624732220260523
590,0.12623275383571408
591,0.1262270467848511
592,0.12621374430945698
593,0.1262102477205519
594,0.12619592057654505
595,0.1261924967798397
596,0.12617697789968607
597,0.1261749711626489
598,0.12615780720543443
599,0.1261584575610833
600,0.12613815573090292
601,0.12614409752596686
602,0.12611760255034202
603,0.12613450927611683
604,0.12609679334560484
605,0.12613575336059576
606,0.12608262504734383
607,0.12614878558452222
608,0.12610648067169933
609,0.12614586026949373
610,0.12612839220030095
611,0.1261251885547073
612,0.1260675233004692
613,0.126052367044022
614,0.12602108057679032
615,0.12601446519913218
616,0.12601048481100338
617,0.1259942280170157
618,0.12599376896168513
619,0.12597542221664915
620,0.12597435045597086
621,0.12595765825654898
622,0.12595653450673616
623,0.1259398537902388
624,0.12593938707120547
625,0.12592185011221968
626,0.12592291311867934
627,0.1259031155046989
628,0.12590796119117098
629,0.1258833052422708
630,0.12589589051608593
631,0.1258623579249997
632,0.12588980074688505
633,0.12584230956624393
634,0.125892886717203
635,0.12583704236404467
636,0.12589031309471746
637,0.12586344936902075
638,0.12588540231139034
639,0.1258619628369258
640,0.125869001125956
641,0.12581742965332793
642,0.1258043779524101
643,0.1257735075022933
644,0.1257648394043977
645,0.12575861427330198
646,0.125746347210747
647,0.12574309559294067
648,0.12572832161899178
649,0.12572514456400524
650,0.12570985029133888
651,0.12570779890920308
652,0.12569174178503426
653,0.1256912463872138
654,0.1256734571695472
655,0.12567571594498472
656,0.12565426083807948
657,0.12566226610406125
658,0.1256338758156645
659,0.125653246683545
660,0.1256129111871139
661,0.12565352955756307
662,0.12559864041394952
663,0.1256613436937303
664,0.12562045771236238
665,0.12565742000923658
666,0.12564705897120482
667,0.1256597762851156
668,0.12561113022822035
669,0.12559663333793677
670,0.12554727105720184
671,0.1255381142528388
672,0.12552727654547757
673,0.1255166385811666
674,0.12551410221751566
675,0.12549808551547714
676,0.12549539018630976
677,0.12547943079263266
678,0.12547746290909548
679,0.12546143069189286
680,0.12546041040488992
681,0.12544344835509735
682,0.12544394928092198
683,0.12542477755611312
684,0.1254287423437821
685,0.12540506812860516
686,0.12541600789788787
687,0.12538417463079343
688,0.12540852410328512
689,0.12536368616369933
690,0.12541083277453083
691,0.12535549799075532
692,0.12541497344291247
693,0.12538547351900592
694,0.12541089461765545
695,0.125395338923907
696,0.1254043218215198
697,0.125350002689886
698,0.12533732812881737
699,0.12529431536056998
700,0.1252867077784688
701,0.12527606796321744
702,0.1252656578331341
703,0.125261332195252
704,0.12524689503636094
705,0.12524295237310762
706,0.12522770422459045
707,0.12522484645728976
708,0.12520899030385602
709,0.12520737780082344
710,0.12519024975895643
711,0.12519060914745483
712,0.12517070237272435
713,0.12517527596406872
714,0.1251500476571371
715,0.1251629165060649
716,0.12512831001494282
717,0.12515722613373406
718,0.12510884035770498
719,0.12516343090836388
720,0.12511187560291673
721,0.12516909768802842
722,0.12515683961928228
723,0.12517430361873452
724,0.12515039719503973
725,0.12514362804201618
726,0.12507588812675674
727,0.12506096255133997
728,0.1250302662383275
729,0.12502433388102602
730,0.12501822157052808
731,0.12500396433125074
732,0.12499963608002143
733,0.12498336364693549
734,0.12497981962565695
735,0.12496348401437242
736,0.12496096679093499
737,0.12494390139265144
738,0.1249424787202171
739,0.12492393681132775
740,0.12492472761846549
741,0.12490295975142018
742,0.12490859377533685
743,0.12488080339855154
744,0.12489578995033693
745,0.12485780767436497
746,0.12489024346320814
747,0.12483924870489596
748,0.1248953653448087
749,0.124849586383482
750,0.12489509436339184
751,0.1248861567832355
752,0.12489738724154913
753,0.12486542864456518
754,0.12485830496362017
755,0.12479373301689628
756,0.12478097676122199
757,0.12475109596636995
758,0.124744328499539
759,0.12473542447773481
760,0.12472224536724001
761,0.12471571439063053
762,0.12469997416005384
763,0.12469441531263266
764,0.12467792494032266
765,0.1246735608356127
766,0.12465605268386659
767,0.12465308289201926
768,0.1246336692703376
769,0.1246333438193886
770,0.12461017703094499
771,0.12461533950238479
772,0.12458535836923107
773,0.12460130313189433
774,0.12456012430150516
775,0.12459642829854269
776,0.12454379876229774
777,0.12460443791919402
778,0.12457202705225366
779,0.12460794897656176
780,0.12461050898995268
781,0.12461168437439608
782,0.12455858306848376
783,0.1245343332510972
784,0.12446769856524416
785,0.12445720307169819
786,0.12443776668795317
787,0.124427313545623
788,0.12441870075680005
789,0.12440065002647159
790,0.12439340923782059
791,0.1243744830379528
792,0.12436846865608173
793,0.12434900434993591
794,0.1243437350739813
795,0.12432310140336852
796,0.12431918280286733
797,0.12429613912577044
798,0.12429537489572441
799,0.12426780141850959
800,0.12427343634132704
801,0.12423802261140583
802,0.12425593753916948
803,0.12420898256312565
804,0.12424792556913328
805,0.12419542268242728
806,0.12424792528310966
807,0.124226852631784
808,0.12424245220956648
809,0.12423343376633218
810,0.12422777228427248
811,0.12416393763569616
812,0.12414279865433711
813,0.124081926894296
814,0.12407088836270411
815,0.12404725436701379
816,0.12403400945518656
817,0.12401889528386355
818,0.12400004562053443
819,0.12398644285902398
820,0.12396542417352724
821,0.1239530012223938
822,0.12393060108200174
823,0.12391882963822663
824,0.12389476691453162
825,0.12388415777990099
826,0.12385706782557075
827,0.12384946376476896
828,0.12381715536660386
829,0.12381599522475502
830,0.12377490013526962
831,0.12378717142882677
832,0.12373378253009824
833,0.12377121168357698
834,0.1237187745451204
835,0.12377188468746018
836,0.12377461655247483
837,0.12377583200352857
838,0.1237577759556113
839,0.12371231531857599
840,0.12360696624660741
841,0.12356935645529682
842,0.12351410788751853
843,0.12349553427741683
844,0.12347100948988786
845,0.12343775527249636
846,0.12341421295748642
847,0.12337863695987869
848,0.12335554176767498
849,0.12331790005272125
850,0.12329380479411016
851,0.12325338930400721
852,0.12322794705464335
853,0.12318431039333495
854,0.12315853445987347
855,0.12310943577077135
856,0.12308547075731945
857,0.12302827530291938
858,0.12300961702699742
859,0.1229410913300001
860,0.12293428268363721
861,0.12285485424894241
862,0.12286671137350604
863,0.12279922377521513
864,0.1228097157747285
865,0.12277598600186297
866,0.12273888689950423
867,0.12264710860825809
868,0.1225634697619048
869,0.1224275190983461
870,0.12236184638140951
871,0.12226868388152089
872,0.12220275828866373
873,0.12212437861632305
874,0.1220414240434614
875,0.12196062138843769
876,0.12186805220964146
877,0.12178070264950729
878,0.12167875636544305
879,0.12158348928120526
880,0.12147161598244934
881,0.12136817897158977
882,0.12124563453299098
883,0.12113489849270993
884,0.12100019926594861
885,0.12088464937467204
886,0.12073618189794323
887,0.12062072100504549
888,0.12045682264009998
889,0.1203511744891664
890,0.12017316962884331
891,0.12009212884859195
892,0.11991818276848754
893,0.1198501299233707
894,0.11970204601536406
895,0.11955868879683838
896,0.11936530612007529
897,0.11920149560728893
898,0.11901042041617153
899,0.11888714541005624
900,0.11873258731740668
901,0.11860701457931443
902,0.11847686224334615
903,0.11835145250037095
904,0.11823272829785883
905,0.11811347488318977
906,0.11800462475764069
907,0.11789039495491599
908,0.11779186553426373
909,0.11768210920423124
910,0.11759317866347573
911,0.11748627966898328
912,0.11740882767506353
913,0.11729969824816919
914,0.11723986605707393
915,0.11712247184795797
916,0.11709046364372146
917,0.11697922499061858
918,0.11695090168096645
919,0.1169134519789569
920,0.11677379819450906
921,0.11670527742976897
922,0.11661590036081329
923,0.1165130951442319
924,0.11645601818764395
925,0.11635746674449506
926,0.11629453321064404
927,0.11621745512533327
928,0.11615062707327646
929,0.11607505977028137
930,0.11601114066552091
931,0.11593752759394153
932,0.11587356749927512
933,0.11580109749986793
934,0.11573990555116623
935,0.11566530099005486
936,0.11561068909477375
937,0.11553039724329509
938,0.11548726276185578
939,0.11539632487155867
940,0.11537629865844723
941,0.1152804833355099
942,0.11528261113211967
943,0.115275654684323
944,0.11514226639076694
945,0.11510864440587774
946,0.1150126150783639
947,0.1149447904928592
948,0.11489091398168753
949,0.11479862946288528
950,0.11474536124747428
951,0.11468511847188795
952,0.11463196667184902
953,0.11456767750983374
954,0.11451765671473235
955,0.11445876730436014
956,0.11440513499478612
957,0.11434897109963771
958,0.11429794693984109
959,0.11423959915208953
960,0.11419407972266993
961,0.11413253337177946
962,0.11409395585927537
963,0.11402539191149347
964,0.11400307152944655
965,0.11392126847552975
966,0.11393324811202254
967,0.11389194188861258
968,0.11386173132109231
969,0.11393810238792824
970,0.11374071477437171
971,0.1137032156125478
972,0.11364145133620815
973,0.11355760216296512
974,0.11352834404204164
975,0.11347033217025553
976,0.11343165406427183
977,0.11338446576567017
978,0.1133459724077613
979,0.11329689796493686
980,0.11326262949236841
981,0.11321401522553567
982,0.11318199395811064
983,0.11313066541146842
984,0.11310708402464213
985,0.11304746487417391
986,0.11304060567822048
987,0.11297226760143804
988,0.11298800257196144
989,0.11297448286954262
990,0.11292481989813463
991,0.11296156037053251
992,0.11283737486766622
993,0.11281792679570478
994,0.11276518041449718
995,0.11269652907455009
996,0.11267529065048629
997,0.11262369230757023
998,0.11260413055696415
999,0.11255444381009763
1000,0.11253747873981214
1001,0.11248771923704785
1002,0.1124750255781707
1003,0.11242194988940714
1004,0.11241802339133906
1005,0.11236101662009873
1006,0.11236623456658756
1007,0.11232210323818764
1008,0.11231408424136183
1009,0.11230316898080474
1010,0.11225189312183252
1011,0.11223184598870578
1012,0.11218849863591568
1013,0.11214537677611676
1014,0.11212575800868176
1015,0.11207159216516907
1016,0.11206103728038157
1017,0.11201013531866841
1018,0.11200304552884262
1019,0.11195201134557907
1020,0.11194830670738092
1021,0.1118972353783552
1022,0.11189569628763738
1023,0.11184679652669634
1024,0.11184492328827665
1025,0.1118022280162814
1026,0.11179324801825312
1027,0.11175750355567164
1028,0.11173919308113102
1029,0.11170340300254285
1030,0.11168387189342846
1031,0.11164231800825836
1032,0.1116278578036508
1033,0.11158192795359205
1034,0.11157214559423975
1035,0.11152484968051884
1036,0.1115177646461763
1037,0.11147045166604745
1038,0.11146473944003639
1039,0.11141814121350972
1040,0.11141257246025262
1041,0.11136763618970627
1042,0.11136057549482457
1043,0.11131807785316059
1044,0.1113079951143343
1045,0.11126749014629636
1046,0.11125438280374556
1047,0.11121411695816781
1048,0.11119973657292896
1049,0.1111581429551264
1050,0.11114428941991965
1051,0.11110105856808734
1052,0.11108834781193827
1053,0.11104403277488117
1054,0.11103214138286642
1055,0.11098743487502435
1056,0.11097567103843176
1057,0.11093115185983635
1058,0.11091871976368768
1059,0.1108748049736224
1060,0.11086095684374701
1061,0.11081777276841474
1062,0.11080204436349284
1063,0.11075930941894681
1064,0.11074172580465089
1065,0.11069886693379719
1066,0.11067985603317378
1067,0.11063633643505433
1068,0.11061636763678237
1069,0.11057193770400608
1070,0.11055121197747934
1071,0.11050591349989024
1072,0.11048429979492778
1073,0.11043832346897954
1074,0.11041546174882047
1075,0.11036900278384273
1076,0.11034444550252126
1077,0.11029760096197146
1078,0.11027094097472442
1079,0.11022365082778127
1080,0.11019461223869431
1081,0.11014666219157822
1082,0.11011511897319383
1083,0.11006621134913672
1084,0.11003211927789266
1085,0.1099819710373486
1086,0.10994525582922364
1087,0.10989366180551272
1088,0.10985413362275184
1089,0.10980096633028946
1090,0.10975829830037372
1091,0.10970346139113421
1092,0.10965722200353079
1093,0.10960059151694512
1094,0.10955029887498152
1095,0.10949167977119792
1096,0.10943684685832676
1097,0.10937596007047387
1098,0.10931611044706593
1099,0.10925261141478432
1100,0.10918726104211125
1101,0.10912077549598741
1102,0.10904939525937556
1103,0.10897955106739644
1104,0.10890153473479444
1105,0.10882797612683717
1106,0.10874263264745915
1107,0.10866501863734591
1108,0.10857159201954847
1109,0.10848959240799524
1110,0.10838729876596469
1111,0.10830060235947439
1112,0.10818866874473652
1113,0.10809701005582477
1114,0.10797470331164838
1115,0.1078779007360933
1116,0.1077445427551368
1117,0.10764253026752206
1118,0.10749750280489144
1119,0.10739033527197504
1120,0.1072330786702384
1121,0.10712089929091961
1122,0.1069509060883147
1123,0.10683387781452063
1124,0.10665067926509059
1125,0.10652889203604231
1126,0.106332037329272
1127,0.10620540426454446
1128,0.1059944385792286
1129,0.10586258858936654
1130,0.10563704250383397
1131,0.10549921112823746
1132,0.1052586148179824
1133,0.10511353505776275
1134,0.10485746480897301
1135,0.10470326503906742
1136,0.10443142099933132
1137,0.10426554585478506
1138,0.10397785228219548
1139,0.10379703759385316
1140,0.1034937471078891
1141,0.10329410678918002
1142,0.10297587166123727
1143,0.10275318919649969
1144,0.10242103799280894
1145,0.10217137111827666
1146,0.10182652551220904
1147,0.10154716531477792
1148,0.1011907142695261
1149,0.10088128791468835
1150,0.10051396921534837
1151,0.10017700498703634
1152,0.09979955855777328
1153,0.09943954845550584
1154,0.09905351535473675
1155,0.09867464836722133
1156,0.09828191605363915
1157,0.09788744818941432
1158,0.09748851572951078
1159,0.09708345999030656
1160,0.09667858913749353
1161,0.09626966409867373
1162,0.09586107740186996
1163,0.09545250624549977
1164,0.09504417528462612
1165,0.09463793984026282
1166,0.09423348542632384
1167,0.0938316141385996
1168,0.09343269152269218
1169,0.09303682061024726
1170,0.0926440950901466
1171,0.09225444495581278
1172,0.09186768703110167
1173,0.09148332098352024
1174,0.09110092821933918
1175,0.0907197348794276
1176,0.09033882600850066
1177,0.08995721501656116
1178,0.08957356365299327
1179,0.08918649217640624
1180,0.08879437603728736
1181,0.0883954539384892
1182,0.0879878969723341
1183,0.0875698261961218
1184,0.08713951769030392
1185,0.0866955459011341
1186,0.08623712927182607
1187,0.08576500781847658
1188,0.08530133728060235
1189,0.085515862302592
1190,0.09203126889055206
1191,0.08568935452208164
1192,0.08423823848229639
1193,0.08468580275113816
1194,0.08326936417847569
1195,0.08295882619165174
1196,0.08270764843019866
1197,0.08213495162267966
1198,0.08181324003022733
1199,0.08146471200718164
1200,0.08104516630070842
1201,0.08068112074155914
1202,0.08032768517877478
1203,0.07994885144548391
1204,0.07957300821841237
1205,0.07920932656745944
1206,0.0788454631738524
1207,0.07848448882627314
1208,0.07812801499729552
1209,0.07777365299189073
1210,0.07743158290025387
1211,0.07709426851528488
1212,0.07679885147495774
1213,0.07656410456750733
1214,0.07658850343645932
1215,0.07699500385200228
1216,0.07722466367553597
1217,0.0761558042382208
1218,0.0751142862729179
1219,0.07486794633837371
1220,0.07449638968888024
1221,0.07425949410371895
1222,0.07380767539669514
1223,0.07349083566245186
1224,0.07323192660564226
1225,0.07291181508858231
1226,0.07266978367216484
1227,0.07237826554295945
1228,0.07212197570829525
1229,0.07185033311209649
1230,0.07159769346526972
1231,0.07134200589004877
1232,0.07109491384439794
1233,0.0708459743942885
1234,0.07060894299221698
1235,0.070365111843998
1236,0.07014242383455531
1237,0.06989753267596109
1238,0.06971024655434749
1239,0.0694621714954406
1240,0.06937548820074219
1241,0.06922135353756795
1242,0.06905758819770644
1243,0.06926347874702965
1244,0.06932607741397086
1245,0.06938292376344762
1246,0.06869178151750355
1247,0.06800768436322391
1248,0.06762002972571604
1249,0.0674576231993386
1250,0.0673177153484374
1251,0.06713076789092319
1252,0.06691355109482702
1253,0.06670976364221977
1254,0.06651126886627654
1255,0.06634434467313492
1256,0.06616356674416426
1257,0.06600931269628632
1258,0.06584410626940324
1259,0.06566928705607086
1260,0.06552576003729337
1261,0.06532787567653912
1262,0.06518948042466192
1263,0.06500365179888251
1264,0.06486143647954636
1265,0.06469530722035986
1266,0.06455044994583174
1267,0.06440271396255004
1268,0.0642636273082072
1269,0.06413957161927958
1270,0.06402927100405369
1271,0.06396075011856016
1272,0.06394781410616875
1273,0.06398228789179063
1274,0.06405837338642183
1275,0.06391628850216863
1276,0.06363693619369189
1277,0.06320503116192415
1278,0.06291471479301305
1279,0.06270433789204136
1280,0.0625782005605834
1281,0.06245193013943476
1282,0.06232951477666621
1283,0.0621992532737389
1284,0.062065722054694766
1285,0.06193988496479166
1286,0.061809067831489484
1287,0.06168994356063292
1288,0.061567213409126006
1289,0.06144365867670981
1290,0.06133320342391154
1291,0.06119319077407257
1292,0.061091501940860576
1293,0.06094412352503306
1294,0.06084341101787048
1295,0.06070401403420733
1296,0.06060178922434872
1297,0.060478497594332624
1298,0.060381246834742414
1299,0.06028464982646883
1300,0.06021588455614471
1301,0.06018240468173104
1302,0.060196757118957764
1303,0.06026674742030297
1304,0.060303500453984867
1305,0.060209022329209126
1306,0.059933136627483716
1307,0.059574314068899424
1308,0.05931843219183815
1309,0.059105392087040354
1310,0.05899417110265807
1311,0.05886621654143746
1312,0.05876781237618047
1313,0.058648915590394014
1314,0.058540292242691
1315,0.058427137579441464
1316,0.05831518778320838
1317,0.05821040991500408
1318,0.05809727152666078
1319,0.05800265177431882
1320,0.05789020707631358
1321,0.05780675768731612
1322,0.05770377477957045
1323,0.057611535053402926
1324,0.05753272818678964
1325,0.05739606105330249
1326,0.05732502697250459
1327,0.057181877023115085
1328,0.057116893209954236
1329,0.057009413484734234
1330,0.05697163583293243
1331,0.05694836954871974
1332,0.05697953879995081
1333,0.05702808515455337
1334,0.05701783844322031
1335,0.0568917469332738
1336,0.0566345267452678
1337,0.05635322207574325
1338,0.056133322877926405
1339,0.05594863362045835
1340,0.05583733059700914
1341,0.055713901957594986
1342,0.0556239244239645
1343,0.05551290748849555
1344,0.05541857664638898
1345,0.055315225513583734
1346,0.05521748654498075
1347,0.05512156961740037
1348,0.05502291411483726
1349,0.05493465995398937
1350,0.05483755788453952
1351,0.05475644113125426
1352,0.05466710334557768
1353,0.05458534503814444
1354,0.05451174812899489
1355,0.054420980963178156
1356,0.054367457400502375
1357,0.05429037757861451
1358,0.054275853592489876
1359,0.054257318750349615
1360,0.054290539944908615
1361,0.05428467112767923
1362,0.05422064433035475
1363,0.05404089029408294
1364,0.05381319789418703
1365,0.05358114711199335
1366,0.0534082214048451
1367,0.053261597389074274
1368,0.05315927641235854
1369,0.053054794699081274
1370,0.05296776615419277
1371,0.052873652086546506
1372,0.052785864494182995
1373,0.05269747737837106
1374,0.05260813578086265
1375,0.052526007334953766
1376,0.052436781157024694
1377,0.052361119494253316
1378,0.052275540740371676
1379,0.0522030112114858
1380,0.05212724986004482
1381,0.05204867653824734
1382,0.051987681980907245
1383,0.05190627116996138
1384,0.051869404648671624
1385,0.051822618921058716
1386,0.051844869226415034
1387,0.05187873354378011
1388,0.051947729211299636
1389,0.05193313023206084
1390,0.051810556412675256
1391,0.05155952153226967
1392,0.05130717594503703
1393,0.051087013493530974
1394,0.050946896429140964
1395,0.05082657309332599
1396,0.050744035189504044
1397,0.050653022743299386
1398,0.050575135325541885
1399,0.05049034440612365
1400,0.05040951774000335
1401,0.050330000885478655
1402,0.05024724674934699
1403,0.05017403820544757
1404,0.050090849035542916
1405,0.050024661243600506
1406,0.04994433547238277
1407,0.04988187527635298
1408,0.04981060354957622
1409,0.04973878752898823
1410,0.04967979824437965
1411,0.049592714415970594
1412,0.04954635677002821
1413,0.049471382726706425
1414,0.049462726976074366
1415,0.04946151743309254
1416,0.049546120628648375
1417,0.049645231224254405
1418,0.049724027233188105
1419,0.04961901632941996
1420,0.049374100136092114
1421,0.049059080502804775
1422,0.04882388394656144
1423,0.0486462712929031
1424,0.0485488760697958
1425,0.04845309649361336
1426,0.04838427932457866
1427,0.04830146051110741
1428,0.048228869594149716
1429,0.04815044375199774
1430,0.04807449261227831
1431,0.048001737734035266
1432,0.047924154994487954
1433,0.04785795678368832
1434,0.04778021454433535
1435,0.047721043102359355
1436,0.04764705490433339
1437,0.04758968705872374
1438,0.04752580706172781
1439,0.04745431016349201
1440,0.04740079193832791
1441,0.047310101598685046
1442,0.047263957994075796
1443,0.04717796652044086
1444,0.047155583058540014
1445,0.04712675433030124
1446,0.047183830581224655
1447,0.04728481981498921
1448,0.047447742809393734
1449,0.047507855912204695
1450,0.04739735970781593
1451,0.04707158303008967
1452,0.04675480175944622
1453,0.046496479912190934
1454,0.04636140969411744
1455,0.04624873426010227
1456,0.04618489142299703
1457,0.04610320418724218
1458,0.046037929858943644
1459,0.04596081498800343
1460,0.04589041048823934
1461,0.04581851292694695
1462,0.04574600402253523
1463,0.045680369122496775
1464,0.04560696404910954
1465,0.045548271066874896
1466,0.04547663494744119
1467,0.04542292481826089
1468,0.045358904471926885
1469,0.04529824330629149
1470,0.04524582627114757
1471,0.04516298764691252
1472,0.04511636374288042
1473,0.04501964169323224
1474,0.044978598214255
1475,0.04489462186209938
1476,0.0448756523703272
1477,0.04485505918881439
1478,0.044921308922202405
1479,0.045045511963916235
1480,0.045251662145003646
1481,0.04535960191230974
1482,0.04527550617246758
1483,0.0449146766291126
1484,0.044562312945735934
1485,0.0442728255774137
1486,0.044134521078986036
1487,0.044020655286137626
1488,0.04396432058228028
1489,0.043885570523663577
1490,0.04382512881843198
1491,0.043750648127951035
1492,0.04368402343023403
1493,0.04361475876892696
1494,0.04354628961247215
1495,0.043483490076260935
1496,0.04341437805120625
1497,0.04335851054990562
1498,0.04329159573764637
1499,0.043240244108031484
1500,0.043181726121704254
1501,0.04312229989790538
1502,0.043075922480450377
1503,0.042993034520796766
1504,0.042951796454089135
1505,0.04285290252102036
1506,0.04281327078696237
1507,0.04271785532822653
1508,0.042683644724575365
1509,0.04262083122489482
1510,0.042621765894283306
1511,0.04264626769072612
1512,0.04277553046703002
1513,0.042981438289591646
1514,0.0432341765408415
1515,0.04323847973013228
1516,0.042989886940747304
1517,0.04252881429975954
1518,0.042200846578639865
1519,0.04196241735065244
1520,0.041873154994058824
1521,0.0417827479370084
1522,0.04173509209490242
1523,0.041661500219768534
1524,0.041602428781624665
1525,0.0415320757258001
1526,0.04146832681059765
1527,0.04140411212477691
1528,0.04133961399557535
1529,0.04128227768615718
1530,0.041218314328835236
1531,0.04116760340583989
1532,0.041108526736622006
1533,0.041058327494704394
1534,0.04101123407934886
1535,0.04094421084623936
1536,0.04090779108841856
1537,0.04081733005439347
1538,0.04078354650919986
1539,0.04068265489887937
1540,0.04064785524060191
1541,0.040555203315417405
1542,0.04052187278920129
1543,0.040453946390221256
1544,0.04044158751210109
1545,0.04043506469294112
1546,0.04051842063778049
1547,0.04068341644098281
1548,0.040980964649537495
1549,0.04119520254964179
1550,0.04118326719826329
1551,0.04074016044653219
1552,0.040305997254945956
1553,0.03994560772502283
1554,0.039801056426378774
1555,0.03968856534376119
1556,0.039648645040392165
1557,0.039578857941068614
1558,0.03952819902688303
1559,0.03946038065530186
1560,0.0394016220212449
1561,0.039338993649336955
1562,0.03927967277107032
1563,0.039224110042518
1564,0.03916559374550162
1565,0.03911665717325629
1566,0.039062806047295486
1567,0.03901494684356529
1568,0.03897277047342846
1569,0.038910197913626786
1570,0.0388798606065703
1571,0.03879430139630052
1572,0.038767561493586025
1573,0.038670346823173336
1574,0.03864244256083264
1575,0.0385485355167094
1576,0.03851775902975501
1577,0.03843764620528071
1578,0.03840930995997641
1579,0.03835094314803142
1580,0.0383469792421417
1581,0.038351052068158656
1582,0.03845707256489725
1583,0.03865473160451101
1584,0.039013019856172365
1585,0.03925861842921626
1586,0.039234052168522104
1587,0.03871571525714867
1588,0.03824620080980044
1589,0.03787712848214218
1590,0.037746623330845
1591,0.037645658292475966
1592,0.03761513928627427
1593,0.0375517649702892
1594,0.03750563001082764
1595,0.037442216062645174
1596,0.037388196965334825
1597,0.03733031950767295
1598,0.03727685095355006
1599,0.03722625808905529
1600,0.03717484666770663
1601,0.037130005146620716
1602,0.037085324577434624
1603,0.03703779690781319
1604,0.03700623316651924
1605,0.03694013407697077
1606,0.03691840425065559
1607,0.03683298183670153
1608,0.03681375518471118
1609,0.03672073815010269
1610,0.03669925759270639
1611,0.03661223356183903
1612,0.03658785933811351
1613,0.036511006926893755
1614,0.03648664170250769
1615,0.036423259442631924
1616,0.03641099257394204
1617,0.036380342384719426
1618,0.03642763486661432
1619,0.03651953915206927
1620,0.03678142472477061
1621,0.03713081034879748
1622,0.03748883976904734
1623,0.037324231288176975
1624,0.03687952378997079
1625,0.036304904738364493
1626,0.03600769337174757
1627,0.03581667629390622
1628,0.03577594618019459
1629,0.03571400624299188
1630,0.03568411706904071
1631,0.03562619664368211
1632,0.03558034522183185
1633,0.03552417064615589
1634,0.035476755430920805
1635,0.03542755845484207
1636,0.035382388491722296
1637,0.03533928496206126
1638,0.03529964790126336
1639,0.03525628917318755
1640,0.03522813786815703
1641,0.03517087368438558
1642,0.03515393900220228
1643,0.035077778570870015
1644,0.03506487551999428
1645,0.03497957795732912
1646,0.03496598053725529
1647,0.03488233466183592
1648,0.03486571729041604
1649,0.034789451913500295
1650,0.03477057366364534
1651,0.03469998292138074
1652,0.03468065729430577
1653,0.03461466059024779
1654,0.03459882083992554
1655,0.0345410636910772
1656,0.034542089376114346
1657,0.034523156155783385
1658,0.03460758560170685
1659,0.03476743506104297
1660,0.03516889954516495
1661,0.03565516371596008
1662,0.03599682430504652
1663,0.03553880147986678
1664,0.034901316719476425
1665,0.03432986055260778
1666,0.03411569618728492
1667,0.033992149439766056
1668,0.033982291976110066
1669,0.03393386313405361
1670,0.03390330761386235
1671,0.03384817743968141
1672,0.0338035823682477
1673,0.03375301742575647
1674,0.03371102711932374
1675,0.033668974682638325
1676,0.033630441963180706
1677,0.033594466353348354
1678,0.03356286597293647
1679,0.03352428035743181
1680,0.03350594098093238
1681,0.03344951239143213
1682,0.03344156185356691
1683,0.03336714635728178
1684,0.03336205611563483
1685,0.03328096569287289
1686,0.03327428019150445
1687,0.03319755933689887
1688,0.03318811772406638
1689,0.033118874698555345
1690,0.033108114786421436
1691,0.03304552401727711
1692,0.03303745474721455
1693,0.03298464875293996
1694,0.032991567564454344
1695,0.03297164043038671
1696,0.03304274047179124
1697,0.033150998076971146
1698,0.033441075819146224
1699,0.03380595192677915
1700,0.03418185888965786
1701,0.03403721355552408
1702,0.033614616817686356
1703,0.03303767149441476
1704,0.03273131385520697
1705,0.032528849380935844
1706,0.03248941037291362
1707,0.03243506952858955
1708,0.03241978413416594
1709,0.0323754743659654
1710,0.03234519973136695
1711,0.032300497588154925
1712,0.032267903049445164
1713,0.03222775622512204
1714,0.03219849604140046
1715,0.032161566321854206
1716,0.03213966336911568
1717,0.032097950794550224
1718,0.03208672938162164
1719,0.03203142610088559
1720,0.03202783070483627
1721,0.03196115495544029
1722,0.0319603897251121
1723,0.03188999654360115
1724,0.031889441292953784
1725,0.031822716598055266
1726,0.0318231580926688
1727,0.03176373660316401
1728,0.03177060021401279
1729,0.03172523822919788
1730,0.0317553110695625
1731,0.031749675258508844
1732,0.0318510318581084
1733,0.031956284120400864
1734,0.03219733610492356
1735,0.03241458559522953
1736,0.032546084888710636
1737,0.03241860494326527
1738,0.032101033569491025
1739,0.03174303215428516
1740,0.031499596837478855
1741,0.03134179148000129
1742,0.03126463739526632
1743,0.031219580065816852
1744,0.031194291021165645
1745,0.031169211143803735
1746,0.031161783171062326
1747,0.031124921619350095
1748,0.031130572906445532
1749,0.031073032011641532
1750,0.031083203691011585
1751,0.031017860323959437
1752,0.031030103185514732
1753,0.030971121886796005
1754,0.030986784147159437
1755,0.03094611371086787
1756,0.03097216717289914
1757,0.030953553723600084
1758,0.030998367099019698
1759,0.03100355746749029
1760,0.0310656331273194
1761,0.03107326864571515
1762,0.031116756687408664
1763,0.031072647968193468
1764,0.03104697217256332
1765,0.03092988063750376
1766,0.03085249637557823
1767,0.030718999216096634
1768,0.030648804295690682
1769,0.030545793548344052
1770,0.03050241695736645
1771,0.03043065054587088
1772,0.03040531813945975
1773,0.03035120920725181
1774,0.030335007743998565
1775,0.030288796291675493
1776,0.030278281038273736
1777,0.030235232881502715
1778,0.030230153758405254
1779,0.030188990868519668
1780,0.03019086994154599
1781,0.03015411276269091
1782,0.030167144724032532
1783,0.030143093019188955
1784,0.0301773697042477
1785,0.030181995884074827
1786,0.030254430291996672
1787,0.030301389325882857
1788,0.03040970408736264
1789,0.03045505054468207
1790,0.030509716108235593
1791,0.030431122470981762
1792,0.03034451555237557
1793,0.030158856559035115
1794,0.03003386553707758
1795,0.029879233628050374
1796,0.029806529723066067
1797,0.029715846877926003
1798,0.0296833316968401
1799,0.029627673552959328
1800,0.02961039655253534
1801,0.029567424949118903
1802,0.029555604234662473
1803,0.02951567231732787
1804,0.029507481852475793
1805,0.029466372673276585
1806,0.02946189112676089
1807,0.02941753278590186
1808,0.02941653602061987
1809,0.029369146858759337
1810,0.029371162228519532
1811,0.029323322280910082
1812,0.02932913516346102
1813,0.029286283849094284
1814,0.029301286881424034
1815,0.02927653487458562
1816,0.029320579173363042
1817,0.029350430107168698
1818,0.029480117277966462
1819,0.029636350432411515
1820,0.029904780892322923
1821,0.030093114883440627
1822,0.030185765439508586
1823,0.029949628394618358
1824,0.02965616461768572
1825,0.02930097178034398
1826,0.029114503922499
1827,0.028959918157148334
1828,0.028917372175871613
1829,0.02886362639586752
1830,0.02885316669346551
1831,0.028820891332998123
1832,0.028809588011115477
1833,0.02877950916961475
1834,0.028767912487987227
1835,0.028737560258621217
1836,0.028729631955940402
1837,0.02869652026818001
1838,0.028695255830516207
1839,0.028655773657058035
1840,0.028661663167987673
1841,0.028616506115101085
1842,0.02862883899515754
1843,0.02858365911671682
1844,0.02860452635545004
1845,0.02856879586993092
1846,0.028606922829277494
1847,0.02859717877164495
1848,0.02867241898371347
1849,0.028714407717801406
1850,0.028845319080344305
1851,0.028936545798532397
1852,0.029055214778097388
1853,0.029061792784572417
1854,0.029001211045956248
1855,0.028829594570426654
1856,0.02865876858717553
1857,0.028480878292450416
1858,0.028364962558881796
1859,0.02826973821453585
1860,0.028217830969543983
1861,0.028171084710140123
1862,0.028152088235631062
1863,0.028116610457882732
1864,0.028116959282525746
1865,0.028072841557152728
1866,0.02808376592940058
1867,0.028029281641087585
1868,0.028042705545760976
1869,0.027985067790326244
1870,0.02799828059432797
1871,0.02794375219428875
1872,0.027957305533101127
1873,0.02791008753253439
1874,0.027927925610175524
1875,0.027892407798055473
1876,0.027924213915472496
1877,0.027915396836828497
1878,0.027985080704960995
1879,0.028038007626031883
1880,0.028186839915666215
1881,0.028324190361749726
1882,0.028515145754918866
1883,0.02856728582333032
1884,0.028542277555650173
1885,0.028310502074957375
1886,0.028099619446630347
1887,0.02784913041047804
1888,0.02772362872336601
1889,0.02760180579542708
1890,0.02756417059314246
1891,0.027512147510494824
1892,0.02750006765543981
1893,0.02746836972181301
1894,0.027459673097890748
1895,0.027432188468744668
1896,0.02742523362206103
1897,0.02739740839268282
1898,0.027394758616385937
1899,0.02736311924641749
1900,0.02736689867689562
1901,0.02732902716644035
1902,0.02733928770701557
1903,0.02729759057884671
1904,0.027314495535516344
1905,0.027275862930965334
1906,0.02730376783982426
1907,0.027280024527855024
1908,0.027332132276733735
1909,0.027344865321390747
1910,0.027446154842012318
1911,0.02752225628632847
1912,0.02767596179625879
1913,0.027773599861848568
1914,0.027849855227831313
1915,0.02779107550309831
1916,0.027663011300854298
1917,0.02746235200592142
1918,0.02729515643500339
1919,0.027144649484954216
1920,0.027050769523232654
1921,0.026979296726481406
1922,0.026934552607009027
1923,0.02690087500224073
1924,0.026875065062709876
1925,0.026855904116240076
1926,0.02684075411715886
1927,0.026824780131200023
1928,0.02682908804164937
1929,0.02679145912865933
1930,0.026814589937336666
1931,0.02675174269710384
1932,0.02677349540536575
1933,0.02670936518741558
1934,0.026728966489549887
1935,0.026666756891415625
1936,0.026683333639233444
1937,0.026635711092710703
1938,0.0266549416380408
1939,0.026618985330737442
1940,0.02665166603550226
1941,0.02664224457362154
1942,0.0267154075034395
1943,0.026776537903752017
1944,0.02694829280460413
1945,0.027128874570283828
1946,0.02737997385595198
1947,0.027478944157072936
1948,0.02745528026199891
1949,0.027171189931102353
1950,0.026903130515324097
1951,0.026610983778780236
1952,0.026471568467812366
1953,0.026349750588201125
1954,0.02631752355130417
1955,0.026273834756506846
1956,0.026265202098523465
1957,0.026240203731000552
1958,0.02623144185834564
1959,0.02621071820769704
1960,0.026202141744959814
1961,0.026183743290112003
1962,0.02618012133919772
1963,0.02616135016778206
1964,0.02616914018538792
1965,0.026143759245520266
1966,0.026166943877001372
1967,0.026135428781650996
1968,0.02617350832415592
1969,0.026151265427041156
1970,0.02620642592434034
1971,0.026209846065389206
1972,0.0262840656399468
1973,0.026313911635024924
1974,0.026387786897172368
1975,0.02640645236106145
1976,0.02642662135023533
1977,0.026379356249865375
1978,0.026321499607226084
1979,0.02621983151418665
1980,0.026134742483308195
1981,0.026038130906800346
1982,0.025973628517644634
1983,0.025907564404264862
1984,0.025870814896291075
1985,0.025829096822174883
1986,0.02581470033972314
1987,0.025789191432932245
1988,0.025797682770246348
1989,0.02580000561067305
1990,0.025807998176974576
1991,0.025866603524582504
1992,0.02582273771022695
1993,0.025870627747885695
1994,0.02585474040526492
1995,0.02588957244720161
1996,0.0258388160980024
1997,0.02582791971017389
1998,0.025764332512647842
1999,0.025728282178663082
2000,0.025656869824797708
2001,0.025626730185189045
2002,0.02555408758057442
2003,0.025535556945494677
2004,0.025474099551009734
2005,0.025466179930140345
2006,0.0254100442528946
2007,0.025408445940987602
2008,0.025357013559661325
2009,0.02535835833178518
2010,0.02531150630238791
2011,0.02531390650101132
2012,0.025271390574977723
2013,0.025273863925630784
2014,0.025236121070687862
2015,0.02523943324964446
2016,0.025206809464626567
2017,0.02521414730803539
2018,0.0251900117200141
2019,0.02521008561273959
2020,0.02520781657639783
2021,0.025265354880409707
2022,0.02532469791051839
2023,0.02547867404003684
2024,0.025663044173154376
2025,0.02593546038114287
2026,0.02610466801036993
2027,0.026158233529955173
2028,0.025914539588170252
2029,0.025632714632854707
2030,0.025298716444698287
2031,0.025121155239663802
2032,0.024972933994716676
2033,0.024927912876171923
2034,0.024877822510049583
2035,0.024866813199580895
2036,0.02484080815433716
2037,0.024830163538649877
2038,0.02480919751407834
2039,0.024796350670956306
2040,0.024778570931149945
2041,0.02476582051056346
2042,0.024752601807020713
2043,0.02474469896332802
2044,0.0247395192174047
2045,0.02474806259469108
2046,0.024752245114989416
2047,0.024800141848058694
2048,0.024797378056527358
2049,0.024900604227535154
2050,0.024905277487457765
2051,0.025040785591846502
2052,0.02508611663679133
2053,0.025172293175495773
2054,0.025160034933011537
2055,0.02511246500544642
2056,0.024991239862170913
2057,0.02487624449555284
2058,0.024746174141154865
2059,0.02466356544521383
2060,0.024614363658494495
2061,0.024527617523635276
2062,0.024525243903397356
2063,0.024457579887032163
2064,0.024460930183829634
2065,0.024410508630596642
2066,0.024410532173852875
2067,0.024374421056258738
2068,0.024369987015235003
2069,0.02434344499201035
2070,0.02434003004351485
2071,0.02431816242095647
2072,0.024320108030282412
2073,0.02430209035401803
2074,0.02431250717049129
2075,0.024299730534875174
2076,0.02432151334433096
2077,0.02431563879265474
2078,0.024349570410209423
2079,0.0243510579915332
2080,0.024392269364890095
2081,0.02439254707261687
2082,0.024425700129207882
2083,0.024404587131628352
2084,0.02440910024577114
2085,0.02435200841437075
2086,0.02432374973060759
2087,0.02424147055628157
2088,0.024199151363711133
2089,0.02411633550830889
2090,0.024079596927874067
2091,0.024010507711971222
2092,0.023985961702771123
2093,0.0239306739795579
2094,0.023916535488834226
2095,0.023869396050399873
2096,0.02386219128462046
2097,0.02381812455462325
2098,0.02381491859764151
2099,0.023772111895539478
2100,0.023770663033252606
2101,0.02373055350788305
2102,0.023729471241758476
2103,0.02369449142342481
2104,0.023693919186214607
2105,0.023666310619493588
2106,0.02366951595427479
2107,0.023654067522072636
2108,0.02367191059915607
2109,0.02368494016163578
2110,0.023749094534810087
2111,0.023839153816339973
2112,0.024019619969095924
2113,0.024257684432179575
2114,0.02453812802019499
2115,0.024721029072915433
2116,0.024672093672093658
2117,0.024406503470929347
2118,0.024100425068773808
2119,0.023805065881080282
2120,0.023649781605305092
2121,0.023593867646914412
2122,0.023456780751536465
2123,0.023439575828861487
2124,0.023384149888894874
2125,0.02337203938307125
2126,0.02333219577661947
2127,0.023316199974042426
2128,0.023285735220175085
2129,0.02326323307667117
2130,0.02324134311452226
2131,0.023219820780761263
2132,0.023200521906099437
2133,0.02318072671714672
2134,0.023163127355992068
2135,0.02314470673969656
2136,0.023128872902056404
2137,0.023112531680602594
2138,0.023098799556687838
2139,0.023086060056589648
2140,0.023077439956093668
2141,0.02307287665149347
2142,0.023078088621932263
2143,0.023095279216637458
2144,0.023137277989018996
2145,0.0232104625233053
2146,0.023338194683724136
2147,0.023516640650346605
2148,0.02374671953610315
2149,0.023933536346152327
2150,0.024022524246500393
2151,0.023905726848237847
2152,0.02364751377385004
2153,0.0234017655762284
2154,0.023102981564615672
2155,0.022959713977649905
2156,0.022829288033968276
2157,0.022787171417419868
2158,0.02274255386336262
2159,0.022726338611036432
2160,0.022716881618127665
2161,0.022688444316076115
2162,0.02268702860367866
2163,0.02265397592788984
2164,0.022652542451749424
2165,0.02261854490027749
2166,0.022618213561860414
2167,0.022584338873448333
2168,0.02258602314571451
2169,0.022551582540799767
2170,0.022555937965020076
2171,0.02252047727537187
2172,0.02252695922184958
2173,0.02249439861033165
2174,0.022503432357922525
2175,0.02247819133752584
2176,0.022493338773535727
2177,0.022481550285909643
2178,0.02251078070547692
2179,0.022523170180660135
2180,0.022579159576097674
2181,0.022629011916928517
2182,0.02271781877824264
2183,0.022796524127690482
2184,0.0228771954581663
2185,0.02291014352298418
2186,0.022892892120106957
2187,0.022808985906097774
2188,0.02269815570546006
2189,0.022563740765344807
2190,0.022454891890420617
2191,0.022364214608522347
2192,0.022282711492428376
2193,0.0222481356436802
2194,0.022178810129585225
2195,0.022164595095514987
2196,0.022111053028992633
2197,0.022099510549736075
2198,0.022057502575389413
2199,0.022044264440708627
2200,0.022010768661311023
2201,0.021997166268766192
2202,0.021969256795925946
2203,0.021958152102043424
2204,0.021932666335729142
2205,0.021926025588722167
2206,0.021900637051985992
2207,0.021899878211872406
2208,0.021871888164824115
2209,0.021877267522346755
2210,0.021844622594079037
2211,0.021854718938468173
2212,0.02181767415926152
2213,0.02183115570959253
2214,0.02179318289185292
2215,0.021811403611335805
2216,0.021782801319871047
2217,0.021813163382665545
2218,0.02181085352977267
2219,0.021869236888180477
2220,0.02191154969303541
2221,0.02201367054625835
2222,0.02209421379599353
2223,0.022206405422167015
2224,0.02223255283611988
2225,0.022240567538397957
2226,0.022111916152091796
2227,0.02199815262414718
2228,0.021807944759405458
2229,0.02169402032250892
2230,0.021560824259993016
2231,0.021497714106528027
2232,0.021426810462013782
2233,0.021395418424852305
2234,0.0213572169047025
2235,0.021337573285068176
2236,0.02131433227853891
2237,0.02129893062313379
2238,0.021284553399766995
2239,0.021272177479416305
2240,0.021265580009827027
2241,0.021257903999976565
2242,0.021260320235113112
2243,0.021260750812873905
2244,0.021274686469409138
2245,0.02128704782669427
2246,0.02131351640947437
2247,0.02133775742130932
2248,0.021369756651804333
2249,0.021393910257227453
2250,0.02141027257555782
2251,0.021410642897851644
2252,0.021385930173306682
2253,0.021351553689055898
2254,0.021280495887408254
2255,0.021228135225561207
2256,0.02113506977850399
2257,0.021084242290504523
2258,0.0210007930531153
2259,0.020960216871742033
2260,0.020897111366459335
2261,0.020866667252429087
2262,0.020821177383359753
2263,0.020797988271676556
2264,0.020764241931479327
2265,0.020746088203917382
2266,0.020719885600421026
2267,0.020706139681699216
2268,0.020686254231699973
2269,0.020678349725983057
2270,0.0206664005596787
2271,0.020668534535254506
2272,0.020669606477179504
2273,0.020689915579632148
2274,0.02071304423117397
2275,0.020762761735880333
2276,0.020814864934126442
2277,0.020894860127146024
2278,0.02095505318824649
2279,0.021022457362341117
2280,0.021020219574415074
2281,0.020999827757661554
2282,0.020896146572115793
2283,0.02079143790288358
2284,0.02065384513826125
2285,0.020545835020558248
2286,0.02044284347462217
2287,0.020369515139404198
2288,0.020313665358593153
2289,0.020254874743540475
2290,0.02022844392831811
2291,0.020175104935646667
2292,0.020157437130394727
2293,0.020114524553940038
2294,0.020098398970573656
2295,0.02006428400987997
2296,0.020047505193286727
2297,0.02001888557450348
2298,0.020001063034490757
2299,0.01997536969812953
2300,0.019957131323900916
2301,0.019933444505104196
2302,0.019915550900937218
2303,0.019894219404729685
2304,0.019878147896275247
2305,0.019861122490607935
2306,0.019850642944648514
2307,0.01984399026066482
2308,0.019849371301306387
2309,0.0198702792060988
2310,0.01991877375020444
2311,0.02000942212873014
2312,0.020153626361649062
2313,0.02036303823966115
2314,0.020585366187162023
2315,0.020758151305000316
2316,0.020756828180821457
2317,0.020578663939146143
2318,0.020294520297651854
2319,0.020059586869980904
2320,0.01977826743491048
2321,0.01964971503257461
2322,0.019530633568283093
2323,0.019482730166649642
2324,0.01943269500034471
2325,0.01940433563903635
2326,0.019383730676453933
2327,0.01935042241267671
2328,0.019336012447776715
2329,0.019303846253280344
2330,0.01928824449448256
2331,0.01925768271540369
2332,0.01924110471907804
2333,0.019212561191200104
2334,0.019195168692699712
2335,0.019168719780917984
2336,0.019151707937780735
2337,0.019126782704585246
2338,0.019111778734686093
2339,0.019089430795912955
2340,0.019079119478807586
2341,0.019062595705268217
2342,0.019063157676375456
2343,0.01906108349771337
2344,0.01908665427412915
2345,0.019120126326489895
2346,0.019197737916654484
2347,0.019300244314455754
2348,0.019446658330318892
2349,0.019598140331747674
2350,0.019708834993282416
2351,0.019720627739309684
2352,0.019618408086377232
2353,0.019446077277916227
2354,0.01919247827369538
2355,0.019033628884723135
2356,0.01884463534310684
2357,0.01876102959673211
2358,0.018668275358417356
2359,0.018628936990522902
2360,0.01858437501729357
2361,0.01855712009507743
2362,0.01853009153199265
2363,0.018504281844290767
2364,0.018481100415524778
2365,0.018455346454376183
2366,0.01843271305092662
2367,0.018406966698302114
2368,0.018384202889284138
2369,0.01835899181460858
2370,0.018335996847736447
2371,0.018311674585204985
2372,0.018288957382158404
2373,0.018266253263981225
2374,0.01824510091739562
2375,0.018226317613432765
2376,0.01821061221160689
2377,0.01820222287576057
2378,0.018204034288227866
2379,0.018224655854445628
2380,0.018278451373599697
2381,0.018376115564781213
2382,0.018552048805775826
2383,0.018785112712117674
2384,0.019059135085609167
2385,0.019217219414221703
2386,0.01918385451582127
2387,0.018923795757519624
2388,0.018548103317252367
2389,0.0182711027455899
2390,0.01800025308019553
2391,0.01789154379290883
2392,0.01780508509460599
2393,0.017774541235028113
2394,0.01774750851721501
2395,0.017723786377543613
2396,0.017705275994783796
2397,0.017676231253044038
2398,0.017655123796972795
2399,0.01762539718797139
2400,0.017602502162280948
2401,0.017573678598571014
2402,0.017550255920178108
2403,0.01752242991334591
2404,0.0174987782885102
2405,0.017471670698971594
2406,0.01744804313673696
2407,0.01742131594616173
2408,0.017397884718678765
2409,0.01737155866975905
2410,0.017348575841735263
2411,0.017323000995249548
2412,0.01730114021217908
2413,0.017277318897315024
2414,0.017258302667219002
2415,0.01723906863474029
2416,0.01722767483829901
2417,0.017220895223986107
2418,0.017230890431741478
2419,0.01725706377300335
2420,0.017325296912403938
2421,0.017425305965554524
2422,0.017613586459140827
2423,0.01780277018632937
2424,0.018045778795787046
2425,0.018075799845926204
2426,0.018007402772567425
2427,0.017650405680646623
2428,0.017367798837579055
2429,0.01706755285267212
2430,0.016932768153659097
2431,0.016824904490577854
2432,0.0168028516398123
2433,0.01677702985824338
2434,0.01677856431417216
2435,0.016769913411650524
2436,0.016767596512845723
2437,0.01676324078773542
2438,0.01675494689112312
2439,0.0167550439748914
2440,0.016741553331168103
2441,0.01674403672277653
2442,0.01672376297658248
2443,0.016723960817193444
2444,0.016694292214515016
2445,0.01668792596213837
2446,0.01664847464412737
2447,0.01663501841840809
2448,0.016588862337325583
2449,0.016571356462443385
2450,0.016523287060822376
2451,0.016505610048059165
2452,0.01645963790519024
2453,0.016444569361798687
2454,0.016402936534718627
2455,0.016391925482344062
2456,0.016355463134643828
2457,0.016349109556378492
2458,0.016317780903308057
2459,0.016315986168129067
2460,0.016288942392560846
2461,0.01629041744582655
2462,0.016265472669094467
2463,0.016266959275710223
2464,0.016240061639231532
2465,0.016236364106767997
2466,0.016202375977719556
2467,0.016188508946419763
2468,0.016144096872017084
2469,0.016118806681850763
2470,0.016065374738971586
2471,0.016032445987215854
2472,0.015975528400729588
2473,0.01594105407351927
2474,0.01588651988247705
2475,0.015855256666914227
2476,0.015806432000951533
2477,0.01578059517188039
2478,0.01573824904547438
2479,0.015718465440935008
2480,0.01568224295240069
2481,0.015668874884610058
2482,0.01563853055887437
2483,0.015632470191310997
2484,0.015608412921572922
2485,0.015611222719880498
2486,0.015594325703494838
2487,0.015607482207689344
2488,0.015597732492361764
2489,0.015620254770015052
2490,0.01561361097544032
2491,0.015638043987452017
2492,0.015623138719969423
2493,0.015634125607793443
2494,0.01559592899212816
2495,0.01557928563257127
2496,0.01551335845656677
2497,0.015470568216688086
2498,0.01539061403925993
2499,0.015337351837108175
2500,0.015262040768165997
2501,0.015212385382986986
2502,0.015150817004335175
2503,0.015110006353622195
2504,0.015061621456229567
2505,0.01502953184932056
2506,0.014990470496284445
2507,0.014965787043283597
2508,0.01493288923629554
2509,0.014914925608236927
2510,0.014886855211364463
2511,0.014876202314141067
2512,0.014853559690106098
2513,0.01485253485985412
2514,0.014837921588958273
2515,0.01485083085134897
2516,0.014848562455392442
2517,0.014880477707701465
2518,0.014893438115866735
2519,0.014943858776670942
2520,0.014962836560682782
2521,0.01501233250067748
2522,0.015004104503803555
2523,0.015013610991496925
2524,0.014944944097406524
2525,0.014897610673313758
2526,0.014786658179693296
2527,0.01471346466328243
2528,0.014608737967544833
2529,0.014542342942352451
2530,0.014467014315688517
2531,0.014414351746484892
2532,0.014363740541249287
2533,0.01432230714793182
2534,0.014285367704296803
2535,0.014252866683613478
2536,0.014222217542312305
2537,0.014197009317440232
2538,0.014169248360374524
2539,0.014150363992035245
2540,0.01412481786893812
2541,0.014112554190275964
2542,0.014090554815213032
2543,0.01408735094645028
2544,0.014072499752232166
2545,0.014083933902897298
2546,0.014083225751872003
2547,0.014118578649329944
2548,0.014141728012026853
2549,0.014209039776158257
2550,0.014255893097691385
2551,0.014339862785172035
2552,0.01436707193428041
2553,0.01440508651319936
2554,0.014339089676734414
2555,0.014285107593633115
2556,0.014142259746012057
2557,0.014046957784139212
2558,0.013915509707807878
2559,0.013833943923803774
2560,0.013751035762212318
2561,0.01368705965624289
2562,0.013639173445012275
2563,0.013590137084499696
2564,0.01355783611152976
2565,0.01352125781381509
2566,0.01349383049910453
2567,0.013466372424734868
2568,0.013439705955213209
2569,0.013418305865149876
2570,0.013391797934772036
2571,0.013374879780772859
2572,0.013349279901165413
2573,0.013337322318498863
2574,0.013314369546978583
2575,0.013310190922736614
2576,0.013293838270656498
2577,0.013304275775221995
2578,0.01330342140002019
2579,0.013342224951009294
2580,0.01337412333840844
2581,0.01346095715526294
2582,0.013541556637460567
2583,0.013672556732100018
2584,0.013753924007855132
2585,0.013832792123624073
2586,0.013771427753251422
2587,0.013694689433234854
2588,0.013501042340477193
2589,0.013357630543830037
2590,0.01319296642197765
2591,0.013076378194130248
2592,0.012993344317736683
2593,0.012912359052046537
2594,0.012873702566850111
2595,0.012823788087572858
2596,0.012798791500370995
2597,0.01276513621640709
2598,0.012741682684670977
2599,0.012716583277229996
2600,0.012692151123238437
2601,0.012670298912372126
2602,0.012645565861688832
2603,0.012625114524292646
2604,0.012600217908606472
2605,0.012580699133016258
2606,0.012555940981481625
2607,0.012537452760933874
2608,0.012513063054046219
2609,0.012496597862027278
2610,0.012473223269495716
2611,0.012461181237539495
2612,0.012441320556854615
2613,0.012440110790961145
2614,0.012432342895785185
2615,0.012459939656008341
2616,0.012492494972065511
2617,0.012596507166812657
2618,0.012744190297965212
2619,0.013000963929407326
2620,0.013304883031233915
2621,0.013573667052123307
2622,0.0135778306020062
2623,0.013380971397245485
2624,0.012962267318675086
2625,0.012616298728155293
2626,0.012376069195055385
2627,0.012181447271791018
2628,0.012131490718925284
2629,0.01206130996793885
2630,0.012054369207270653
2631,0.012013599884244403
2632,0.01200120329351753
2633,0.011974488753992369
2634,0.011955961118907054
2635,0.011932038307204938
2636,0.011912807735011742
2637,0.011890444111153807
2638,0.011870079576921055
2639,0.011847872339070862
2640,0.01182837330345295
2641,0.011805556189294372
2642,0.011786902437142699
2643,0.011763887411823595
2644,0.011746545342453736
2645,0.0117232605887889
2646,0.011708238730074509
2647,0.011685390838273352
2648,0.011674754509418865
2649,0.0116542803686857
2650,0.01165368604085861
2651,0.011642054907906565
2652,0.01166639725190486
2653,0.01168472638777517
2654,0.011772541951016296
2655,0.011878252486271109
2656,0.012098299771336828
2657,0.012354379660705246
2658,0.012641148952573117
2659,0.012762918361244364
2660,0.01265220399062625
2661,0.012297747295000931
2662,0.01191693651271511
2663,0.011634875422157473
2664,0.011436210552549508
2665,0.01135894574784885
2666,0.011296789409575824
2667,0.011283569654919832
2668,0.011252547257984974
2669,0.011240976331728974
2670,0.01121550841114994
2671,0.011199232788860801
2672,0.011175335055928258
2673,0.011157709328955366
2674,0.011135035762493015
2675,0.011116867809766303
2676,0.011094668333166668
2677,0.01107696550362865
2678,0.011054718508782022
2679,0.011037899071282017
2680,0.011015496246620552
2681,0.01100029633675602
2682,0.010977756126509223
2683,0.01096559841903893
2684,0.010943724072816224
2685,0.010937876854356328
2686,0.010919541930479894
2687,0.010928460793293604
2688,0.01092366362364192
2689,0.010969748737134292
2690,0.011010126370850902
2691,0.011146744988461852
2692,0.01130531491359804
2693,0.011587454585785263
2694,0.01185752472253613
2695,0.012038792135071428
2696,0.011965581337076921
2697,0.01164643532483074
2698,0.011264830955690364
2699,0.010939423980521126
2700,0.010755309655474858
2701,0.010641288005145732
2702,0.010603867183378208
2703,0.010569737035231487
2704,0.010560014506371633
2705,0.010535675948850081
2706,0.010522783324207363
2707,0.010498881116665939
2708,0.010482892233665872
2709,0.01046008468426908
2710,0.010443444242989848
2711,0.01042137686259756
2712,0.010404847668465153
2713,0.010383170877670765
2714,0.01036733578105837
2715,0.01034561285091598
2716,0.010331137079241975
2717,0.01030926468379231
2718,0.010297237543024475
2719,0.010275578395568901
2720,0.010268497671614791
2721,0.010248746981470288
2722,0.01025266560776963
2723,0.010241018961676625
2724,0.010271690301486915
2725,0.010288564706442172
2726,0.010385535679404334
2727,0.010485962669119483
2728,0.010715419410337811
2729,0.010956639506340966
2730,0.01123401867026001
2731,0.011349812362249974
2732,0.011206072670253848
2733,0.01087814938831708
2734,0.010496359218798015
2735,0.01022721122312789
2736,0.010051271462154815
2737,0.009975103275065789
